,Open,Open,Open,Open,Open,Open,Open,High,High,High,High,High,High,High,Low,Low,Low,Low,Low,Low,Low,Close,Close,Close,Close,Close,Close,Close,Adj Close,Adj Close,Adj Close,Adj Close,Adj Close,Adj Close,Adj Close,Volume,Volume,Volume,Volume,Volume,Volume,Volume
,mean,median,std,var,min,max,count,mean,median,std,var,min,max,count,mean,median,std,var,min,max,count,mean,median,std,var,min,max,count,mean,median,std,var,min,max,count,mean,median,std,var,min,max,count
YearMonth,,,,,,,,,,,,,,,,,,,,,,,,,,,,,,,,,,,,,,,,,,
2011-01,21.267500082651775,21.27500057220459,0.1237392156736453,0.015311393495528907,21.049999237060547,21.530000686645508,12,21.451666514078777,21.399999618530273,0.17847002929570113,0.03185155135680842,21.299999237060547,22.0,12,21.137500127156574,21.170000076293945,0.1103816651184379,0.01218411199431897,20.8799991607666,21.260000228881836,12,21.28916660944621,21.280000686645508,0.05316507215013037,0.0028265248967285672,21.209999084472656,21.399999618530273,12,16.362322012583416,16.355276107788086,0.04086254423161974,0.0016697475210810796,16.30147361755371,16.447507858276367,12,1789183.3333333333,462850.0,4342902.954106606,18860806068787.88,124800,15536900,12
2011-02,21.192631370142887,21.149999618530273,0.18770078160154702,0.035231583413831646,20.799999237060547,21.540000915527344,19,21.406315753334447,21.38999938964844,0.17895390137140377,0.03202449881604611,21.200000762939453,21.88999938964844,19,21.071052651656302,21.020000457763672,0.1745434197961635,0.03046540539413976,20.61000061035156,21.329999923706055,19,21.27315782245837,21.280000686645508,0.1708167275433597,0.029178354408622376,20.950000762939453,21.559999465942383,19,16.350018651861895,16.35527992248535,0.13128510118547032,0.01723577779327918,16.101648330688477,16.57047462463379,19,231984.2105263158,175600.0,153024.1856815738,23416401403.508778,56200,560900,19
2011-03,21.226087072621223,21.31999969482422,0.3160083370758906,0.09986126910146971,20.540000915527344,21.549999237060547,23,21.403478373651918,21.5,0.20543973785704278,0.04220548589077045,20.950000762939453,21.690000534057617,23,20.966086926667586,20.979999542236328,0.27509879789167657,0.07567934860144553,20.450000762939453,21.420000076293945,23,21.213913212651793,21.270000457763672,0.25640394022951324,0.06574298056521981,20.700000762939453,21.5,23,16.392229411913,16.409076690673828,0.20835362214650247,0.04341123186156753,15.963300704956056,16.660737991333008,23,314713.04347826086,167500.0,620663.1616881092,385222760276.6799,52600,3116400,23
2011-04,21.57200002670288,21.59500026702881,0.2845421010710682,0.08096420728193798,21.170000076293945,22.09000015258789,20,21.770999908447266,21.77999973297119,0.2900074919693851,0.08410434539837294,21.299999237060547,22.280000686645508,20,21.385500144958495,21.244999885559082,0.2954299355946014,0.08727884684543032,21.100000381469727,21.940000534057617,20,21.62100009918213,21.670000076293945,0.2876749895961945,0.08275689963917059,21.229999542236328,22.079999923706055,20,16.754495906829835,16.792469024658203,0.22292418244339418,0.04969519111805569,16.45150375366211,17.110183715820312,20,210370.0,161750.0,143790.19474659304,20675620105.263157,100000,737700,20
2011-05,21.83095241728283,21.850000381469727,0.26977601516530203,0.07277909835846927,21.25,22.34000015258789,21,22.027618862333753,22.049999237060547,0.22973696168626984,0.05277907156483862,21.469999313354492,22.579999923706055,21,21.625238146100724,21.600000381469727,0.23901073985209378,0.057126133764645246,21.149999618530273,22.13999938964844,21,21.853809538341704,21.88999938964844,0.2743261704105584,0.07525484777212273,21.18000030517578,22.420000076293945,21,16.934902826944988,16.962949752807617,0.21257961899794967,0.045190094413313446,16.41275405883789,17.373653411865234,21,148914.2857142857,125600.0,109547.33810419259,12000619285.714285,43000,478100,21
2011-06,21.86545432697643,21.835000038146973,0.3413382502858227,0.11651180110818696,21.260000228881836,22.61000061035156,22,22.169545607133344,22.09000015258789,0.4356657435832634,0.18980464013195777,21.459999084472656,23.34000015258789,22,21.672727151350543,21.619999885559082,0.31711781288342594,0.10056370724796755,21.13999938964844,22.40999984741211,22,21.870000145652078,21.809999465942383,0.3295163646326341,0.1085810345607071,21.290000915527344,22.530000686645508,22,17.054134368896484,16.981426239013672,0.2959066286682764,0.08756073288982522,16.660573959350586,17.630945205688477,22,173290.9090909091,141100.0,151568.1739086123,22972911341.991344,43000,792000,22
2011-07,22.423999977111816,22.454999923706055,0.34337949848650323,0.11790947998084246,21.799999237060547,22.959999084472656,20,22.711000061035158,22.690000534057617,0.29325565751363114,0.08599888066375212,22.18000030517578,23.25,20,22.09250020980835,22.070000648498535,0.42795584430825173,0.18314620467758858,21.399999618530273,22.850000381469727,20,22.43149995803833,22.364999771118164,0.3758535712252134,0.14126590700274658,21.780000686645508,23.010000228881836,20,17.55386266708374,17.50182342529297,0.29412517902359164,0.08650962093565982,17.044031143188477,18.006576538085938,20,236310.0,208950.0,128126.79534043816,16416475684.210526,92100,524000,20
2011-08,19.49000001990277,19.18000030517578,1.2103717606015472,1.464999798861689,18.18000030517578,22.170000076293945,23,19.862608785214633,19.59000015258789,1.027097673256775,1.0549296304094806,18.579999923706055,22.190000534057617,23,18.993043401966926,18.43000030517578,1.169239931633908,1.3671220177272656,17.790000915527344,21.719999313354492,23,19.400434908659562,19.09000015258789,1.1123580625101444,1.2373404592313224,18.059999465942383,21.969999313354492,23,15.181889036427373,14.938956260681152,0.87047986191275,0.7577351899956402,14.132929801940918,17.192710876464844,23,242056.52173913043,193900.0,202476.9724866306,40996924387.35177,68600,890400,23
2011-09,18.831428709484282,18.850000381469727,0.5634120124366494,0.3174330957579152,18.06999969482422,20.09000015258789,21,19.141904921758744,19.260000228881836,0.5993547559982236,0.35922612353769023,18.260000228881836,20.3700008392334,21,18.51952380225772,18.530000686645508,0.5438794055916742,0.29580480782675295,17.729999542236328,19.670000076293945,21,18.764762151808966,18.790000915527344,0.5626331677241929,0.31655608142335984,17.860000610351562,19.780000686645508,21,14.79478981381371,14.871920585632324,0.40266170829481573,0.1621364513268993,14.13584327697754,15.478919982910156,21,197504.7619047619,154400.0,158061.4863785308,24983433476.190475,82000,837100,21
2011-10,18.68238094874791,18.5,1.1153873724269692,1.2440889905695385,16.760000228881836,20.729999542236328,21,19.126190548851376,18.780000686645508,1.142359104170241,1.3049843228806355,17.780000686645508,21.209999084472656,21,18.30904751732236,18.190000534057617,1.2178050220596375,1.4830490717536742,16.469999313354492,20.729999542236328,21,18.769523893083846,18.63999938964844,1.1437022299320034,1.3080547907514375,16.959999084472656,20.8799991607666,21,14.855713344755626,14.753195762634276,0.9052179460154203,0.8194195297883763,13.42350959777832,16.526111602783203,21,187619.04761904763,154200.0,106215.83035992147,11281802619.047617,78800,512200,21
2011-11,20.14000029790969,20.100000381469727,0.3760718379691286,0.14143002731347848,19.290000915527344,20.790000915527344,21,20.537619000389462,20.479999542236328,0.48913113199514496,0.23924926428685192,19.729999542236328,21.65999984741211,21,19.73904764084589,19.719999313354492,0.4369770550610301,0.1909489466498105,18.969999313354492,20.479999542236328,21,20.161428542364213,20.149999618530273,0.43948014580893996,0.19314279856024713,19.11000061035156,20.8799991607666,21,15.957378705342611,15.948331832885742,0.3478397161899234,0.12099246815908644,15.125194549560549,16.526111602783203,21,410828.5714285714,204100.0,725619.7517590444,526524024142.8571,48900,3489600,21
2011-12,20.5019048055013,20.479999542236328,0.30482148390317904,0.09291613704893605,19.850000381469727,21.030000686645508,21,20.72142846243722,20.790000915527344,0.30922954682677806,0.09562291263069453,20.170000076293945,21.229999542236328,21,20.252857208251953,20.209999084472656,0.2934815875271356,0.08613144221744774,19.729999542236328,20.770000457763672,21,20.47095235188802,20.440000534057617,0.2903432011913624,0.08429917447804797,19.959999084472656,20.989999771118164,21,16.307720048086985,16.299068450927734,0.2768391233377258,0.07663990021040056,15.79795265197754,16.786922454833984,21,280661.90476190473,243400.0,179393.67178412533,32182089476.190483,53200,785700,21
2012-01,20.958500099182128,20.804999351501465,0.6125982869520326,0.37527666117656483,20.09000015258789,22.09000015258789,20,21.25699977874756,21.164999961853027,0.5970902314538418,0.35651674449760234,20.3799991607666,22.299999237060547,20,20.755000019073485,20.679999351501465,0.633881140769023,0.4018053006226379,19.790000915527344,21.790000915527344,20,21.043999862670898,21.06999969482422,0.665071229562734,0.4423197403920868,19.920000076293945,22.13999938964844,20,16.830107116699217,16.850897789001465,0.5318957681034635,0.28291310812637344,15.93117904663086,17.70663833618164,20,104150.0,94100.0,30968.396454246198,959041578.9473684,54800,176200,20
2012-02,22.354500102996827,22.324999809265137,0.37153281040752073,0.13803662920931076,21.649999618530273,23.010000228881836,20,22.539000225067138,22.5649995803833,0.34789440044382314,0.12103051386016715,21.979999542236328,23.1200008392334,20,22.02800006866455,22.100000381469727,0.3840312156458349,0.14747997459041778,21.299999237060547,22.6299991607666,20,22.328500175476073,22.40999984741211,0.42411850459323186,0.17987650593839924,21.520000457763672,23.11000061035156,20,17.857396411895753,17.922574996948242,0.33919170801184917,0.11505101478399553,17.210796356201172,18.48240852355957,20,160655.0,136400.0,105754.73350112863,11184063657.89474,55200,481300,20
2012-03,22.27590916373513,22.40999984741211,0.5473371387156452,0.29957794341742944,21.239999771118164,23.18000030517578,22,22.529090707952324,22.609999656677246,0.44963375669334155,0.20217051515816709,21.670000076293945,23.309999465942383,22,22.027727300470527,22.170000076293945,0.5647329494319373,0.3189233041740951,21.059999465942383,22.84000015258789,22,22.310454455288973,22.524999618530273,0.5233542413403286,0.2738996619289109,21.260000228881836,22.989999771118164,22,17.955599264665082,18.19058609008789,0.4969372815117442,0.24694666175628252,17.002851486206055,18.56610679626465,22,185754.54545454544,191300.0,93138.98333378037,8674870216.450218,70300,369100,22
2012-04,22.896999740600585,22.755000114440918,0.3798352422527244,0.14427481125718586,22.399999618530273,23.6299991607666,20,23.158499908447265,23.079999923706055,0.4128625767916306,0.17045550731502507,22.559999465942383,23.8799991607666,20,22.701000022888184,22.609999656677246,0.3544587271030913,0.12564098921954375,22.06999969482422,23.469999313354492,20,22.94600009918213,22.9399995803833,0.4216435562299512,0.17778328851024003,22.18000030517578,23.61000061035156,20,18.53057470321655,18.525732040405273,0.34050872893871026,0.11594619448345607,17.911975860595703,19.066802978515625,20,103995.0,103850.0,29827.653629687862,889688921.0526315,52900,156200,20
2012-05,23.41590907356956,23.585000038146973,0.4620209819063707,0.2134633877217269,22.700000762939453,24.1299991607666,22,23.663181738419965,23.829999923706055,0.5040634760264414,0.2540799878638588,22.809999465942383,24.270000457763672,22,23.213636138222434,23.464999198913574,0.5065714961703579,0.2566146807322749,22.40999984741211,23.899999618530273,22,23.41000002080744,23.55500030517578,0.5103779297362274,0.2604856311618375,22.59000015258789,24.09000015258789,22,18.90528982335871,19.022391319274902,0.41216783853337663,0.16988232712127563,18.243080139160156,19.45444107055664,22,146313.63636363635,117000.0,74245.70082441872,5512424090.909091,52800,296900,22
2012-06,23.18571426754906,23.3799991607666,0.5406253583889928,0.2922757781332269,22.200000762939453,23.950000762939453,21,23.483333405994234,23.530000686645508,0.4214775161994585,0.1776432966616648,22.5,24.3799991607666,21,22.993809291294642,22.989999771118164,0.46221741324298155,0.21364493710503316,22.1299991607666,23.86000061035156,21,23.243333362397692,23.299999237060547,0.4547893250228436,0.20683333015473368,22.15999984741211,24.25,21,18.878055209205264,18.98138427734375,0.40280632271318284,0.1622529336177168,17.895822525024414,19.7637882232666,21,218685.7142857143,156400.0,260581.10116759094,67902510285.71427,69200,1331300,21
2012-07,25.067142759050643,24.940000534057617,0.47806005967755344,0.22854142065890595,24.3799991607666,26.479999542236328,21,25.29523804074242,25.1299991607666,0.5326408855820566,0.28370631299363747,24.65999984741211,26.68000030517578,21,24.889999843779066,24.780000686645508,0.4099266272233698,0.1680398397067276,24.219999313354492,25.979999542236328,21,25.12523787362235,24.950000762939453,0.4695491137480351,0.22047637022156522,24.6299991607666,26.479999542236328,21,20.47710927327474,20.334293365478516,0.3826836543510738,0.14644677930749214,20.073490142822266,21.58124351501465,21,138066.66666666666,111400.0,82155.20880220154,6749478333.333334,48900,361700,21
2012-08,26.5021738798722,26.299999237060547,0.6670758914953144,0.44499024501426854,25.25,27.59000015258789,23,26.733478214429773,26.59000015258789,0.6434045272264568,0.4139693856555004,25.549999237060547,27.63999938964844,23,26.25956527046535,26.239999771118164,0.6964094411605978,0.48498610973761613,24.760000228881836,27.329999923706055,23,26.56043483899987,26.450000762939453,0.6670045745531822,0.44489510247487163,25.290000915527344,27.61000061035156,23,21.646798009457797,21.556791305541992,0.5436102813308208,0.2955121379685742,20.61138916015625,22.502199172973633,23,144108.69565217392,122700.0,73567.58743460747,5412189920.948616,78900,349200,23
2012-09,27.42210548802426,27.450000762939453,0.40196155080831153,0.1615730883282228,26.75,28.09000015258789,19,27.60473683005885,27.56999969482422,0.36877238957991326,0.13599307531647933,26.950000762939453,28.15999984741211,19,27.19999965868498,27.350000381469727,0.39981952262100545,0.1598556506688887,26.6299991607666,27.780000686645508,19,27.371578718486585,27.420000076293945,0.4189705143525566,0.17553629189684586,26.719999313354492,28.0,19,22.42500957689787,22.39624786376953,0.32471568903558434,0.10544027870585432,21.94453811645508,22.995777130126953,19,222510.52631578947,185100.0,109531.11630306928,11997065438.596489,74500,421800,19
2012-10,27.571428571428573,27.6299991607666,0.3794111714242473,0.14395283700151956,26.829999923706055,28.25,21,27.7990475609189,27.760000228881836,0.3635644020457075,0.13217907443485286,27.190000534057617,28.450000762939453,21,27.36619077410017,27.36000061035156,0.4202674682979368,0.17662474490955732,26.489999771118164,28.020000457763672,21,27.5747617994036,27.59000015258789,0.3906995557387795,0.1526461428544797,26.850000381469727,28.40999984741211,21,22.646538416544598,22.6590518951416,0.32087342316760514,0.10295975369529702,22.051305770874023,23.332500457763672,21,129580.95238095238,111600.0,57001.62821400473,3249185619.047621,67900,258400,21
2012-11,27.300476165044877,27.38999938964844,0.5396247485763649,0.291194869276105,25.979999542236328,27.950000762939453,21,27.588571548461914,27.59000015258789,0.46708994394705733,0.21817301573646514,26.440000534057617,28.229999542236328,21,26.85380962916783,26.959999084472656,0.6679107640101595,0.4461047886806349,24.8700008392334,27.600000381469727,21,27.22857157389323,27.34000015258789,0.5092375210536146,0.25932285284883067,26.030000686645508,28.0,21,22.362219765072776,22.453733444213867,0.41822533682328406,0.1749124323609494,21.37786102294922,22.995777130126953,21,147666.66666666666,131500.0,69230.29202114732,4792833333.333334,34500,310700,21
2012-12,27.11299991607666,27.195000648498535,0.2454017478639708,0.06022201785469189,26.68000030517578,27.479999542236328,20,27.382999897003174,27.324999809265137,0.2753388482937718,0.0758114813797407,26.950000762939453,27.969999313354492,20,26.91249990463257,26.914999961853027,0.19676003458343905,0.03871451120927613,26.6299991607666,27.280000686645508,20,27.13050012588501,27.09000015258789,0.3171166911320936,0.10056299579456765,26.68000030517578,27.93000030517578,20,22.394740676879884,22.24841690063477,0.2863988777445364,0.08202431717332989,22.082557678222656,23.11715507507324,20,115300.0,104100.0,73339.34823817293,5378659999.999999,28000,285700,20
2013-01,28.575238182431175,28.56999969482422,0.29756730368074696,0.08854630021982988,28.049999237060547,29.440000534057617,21,28.805714198521205,28.790000915527344,0.321022900534531,0.10305570266760336,28.3799991607666,29.559999465942383,21,28.340952373686292,28.31999969482422,0.26767337509001915,0.07164903573208208,27.950000762939453,28.850000381469727,21,28.55666669209798,28.510000228881836,0.30877707025295487,0.09534327911399823,28.0,29.479999542236328,21,23.635840552193777,23.59721565246582,0.2555684575713551,0.06531523650540152,23.175098419189453,24.40006446838379,21,179200.0,139600.0,164508.279426903,27062974000.0,50000,857500,21
2013-02,29.775263334575452,29.739999771118164,0.4331328682996244,0.18760408160145978,29.09000015258789,30.56999969482422,19,29.988421088770817,29.8799991607666,0.46470149852186765,0.21594748272846936,29.270000457763672,30.780000686645508,19,29.51315779435007,29.510000228881836,0.41098859786175035,0.16891162757236755,28.84000015258789,30.149999618530273,19,29.764210349635075,29.709999084472656,0.3665501463371674,0.13435900977979884,29.239999771118164,30.459999084472656,19,24.635302192286442,24.590435028076172,0.30338638843629984,0.09204330068842141,24.20142364501953,25.211191177368164,19,150805.26315789475,114900.0,94094.18729056191,8853716081.871344,38000,406000,19
2013-03,31.794500255584715,31.914999961853027,0.6497405622194935,0.42216279819330343,30.020000457763672,32.70000076293945,20,32.026000022888184,32.209999084472656,0.5651865400765812,0.3194358250837369,30.59000015258789,32.709999084472656,20,31.543499851226805,31.80500030517578,0.5755294877664632,0.3312341912887275,29.989999771118164,32.16999816894531,20,31.860500144958497,31.999999046325684,0.5064064050434343,0.2564474470690148,30.559999465942383,32.63999938964844,20,26.47658987045288,26.66189670562744,0.4922796173338939,0.24233922164240504,25.293962478637695,27.195133209228516,20,156155.0,126700.0,113393.9452342561,12858186815.78947,54800,550100,20
2013-04,32.746363553133875,32.67499923706055,0.38639416158569,0.14930044810750834,32.04999923706055,33.33000183105469,22,33.10909097844904,33.23500061035156,0.3684059932016871,0.13572297582692153,32.310001373291016,33.7599983215332,22,32.422727758234196,32.48500061035156,0.3799647786834008,0.14437323303992575,31.690000534057617,33.150001525878906,22,32.82863634282892,32.75,0.43129143780615015,0.1860123043248963,32.13999938964844,33.7599983215332,22,27.352302724664863,27.286784172058105,0.3593457112972068,0.1291293402276955,26.778541564941406,28.1282958984375,22,172809.0909090909,153900.0,84118.62886985096,7075943722.943723,69300,465200,22
2013-05,34.78045463562012,35.07500076293945,0.831398534102565,0.691223522507894,32.540000915527344,35.720001220703125,22,35.1390907981179,35.31500053405762,0.7904365890985016,0.6247900013856734,32.849998474121094,36.27000045776367,22,34.36090902848677,34.864999771118164,0.9614172650134568,0.9243231574659554,31.959999084472656,35.34000015258789,22,34.69181806390936,35.0049991607666,0.9029876174924607,0.8153866373447106,32.20000076293945,35.59000015258789,22,28.904675483703613,29.16561222076416,0.7523536337141011,0.5660359901628118,26.828533172607425,29.65302085876465,22,205231.81818181818,195500.0,95961.283792022,9208567987.012985,107200,523400,22
2013-06,31.44950008392334,31.795000076293945,1.1134699323714328,1.2398152902952433,29.270000457763672,33.060001373291016,20,31.776500034332276,32.239999771118164,1.0711591566574148,1.1473819388910242,29.780000686645508,33.060001373291016,20,30.959000015258788,31.410000801086426,1.0928278706577954,1.1942727548864513,28.65999984741211,32.20000076293945,20,31.339499855041502,31.56999969482422,1.0875053804336297,1.1826679524720938,29.280000686645508,32.83000183105469,20,26.221441173553465,26.476837158203125,0.8546014481923081,0.7303436352523903,24.55628204345703,27.353443145751953,20,178150.0,157050.0,89311.78680979289,7976595263.157896,54900,385200,20
2013-07,33.100454677235,33.39499855041504,0.8600138135870636,0.7396237595605646,31.1200008392334,34.040000915527344,22,33.38409085707231,33.7400016784668,0.81320467701252,0.661301846715037,31.530000686645508,34.2400016784668,22,32.76318168640137,33.0,0.8759288820817865,0.7672514064650483,30.940000534057617,33.709999084472656,22,33.12636332078414,33.39999961853027,0.7641149937206622,0.5838717236287276,31.469999313354492,33.9900016784668,22,27.78211480920965,28.011605262756348,0.6408409757746989,0.41067715623186823,26.392972946166992,28.50642204284668,22,140477.27272727274,116300.0,86542.90943318333,7489675173.160173,49100,413700,22
2013-08,31.161818157542836,31.235000610351562,1.3293953250760868,1.7672919303341548,29.520000457763672,33.380001068115234,22,31.405454462224785,31.335000038146973,1.3128947886270086,1.7236927260039574,29.979999542236328,33.380001068115234,22,30.848636280406605,30.59000015258789,1.3091046858276816,1.7137550784559932,29.239999771118164,32.52000045776367,22,31.085000384937633,30.75,1.2882021280018274,1.6594647225884367,29.61000061035156,32.90999984741211,22,26.07008387825706,25.789130210876465,1.0803784477701333,1.1672175904062025,24.83304214477539,27.600662231445312,22,198318.18181818182,146600.0,140359.65923082724,19700833939.393944,58800,542700,22
2013-09,30.32600030899048,30.380000114440918,0.7052537809585213,0.4973828955562899,29.200000762939453,31.510000228881836,20,30.627000045776366,30.760000228881836,0.6814468594657059,0.46436982227567364,29.459999084472656,31.690000534057617,20,29.96899995803833,30.13499927520752,0.7946789369529687,0.6315146128367003,28.649999618530273,31.260000228881836,20,30.318499946594237,30.344999313354492,0.7209808912441564,0.5198134455392182,28.989999771118164,31.34000015258789,20,25.555576133728028,25.630691528320312,0.6785389415261426,0.4604150951674179,24.313066482543945,26.471115112304688,20,124825.0,116300.0,54119.00993959613,2928867236.842105,51200,256600,20
2013-10,32.4317391437033,32.189998626708984,1.218750105055951,1.4853518185738919,30.600000381469727,34.130001068115234,23,32.8269568733547,32.70000076293945,1.1132857874427318,1.2394052445219832,30.959999084472656,34.61000061035156,23,32.19391308660092,32.119998931884766,1.2107500220648986,1.4659156159301525,30.43000030517578,33.849998474121094,23,32.509999980097234,32.5,1.17053605670015,1.3701546600351369,30.75,33.9900016784668,23,27.459346356599227,27.45090103149414,0.988685304061678,0.9774986304675326,25.972776412963867,28.70941925048828,23,465717.39130434784,217100.0,944348.1165006578,891793365138.3398,74800,4646800,23
2013-11,32.226000213623045,32.02000045776367,0.6856451928842706,0.4701093305253087,31.329999923706055,33.70000076293945,20,32.490000057220456,32.204999923706055,0.6830887737183455,0.4666102727800331,31.700000762939453,34.15999984741211,20,31.798000240325926,31.640000343322754,0.6042009615156759,0.36505880189646733,31.1200008392334,33.04999923706055,20,32.06349992752075,31.9350004196167,0.6662165869768062,0.44384454076302443,31.190000534057617,33.619998931884766,20,27.082212734222413,26.973676681518555,0.5627160720464864,0.31664937773942653,26.344417572021484,28.39690589904785,20,147815.0,149100.0,69531.82743403045,4834675026.315789,68000,327200,20
2013-12,31.48238100324358,31.489999771118164,0.3342440656620504,0.11171909543029705,30.979999542236328,32.150001525878906,21,31.78999982561384,31.809999465942383,0.2843412515930143,0.08084994735748186,31.25,32.290000915527344,21,31.156190599714005,31.200000762939453,0.2478399507833943,0.0614246412043153,30.75,31.559999465942383,21,31.474762144542876,31.510000228881836,0.31190733538390714,0.09728618586628913,30.950000762939453,32.2400016784668,21,26.70900635492234,26.69921875,0.26028648637660734,0.0677490549902798,26.21772003173828,27.422212600708008,21,179400.0,152000.0,103813.36619144953,10777214999.999998,67700,559600,21
2014-01,31.78761909121559,31.790000915527344,0.2955315594826809,0.08733890265026535,31.209999084472656,32.34000015258789,21,32.16190519787016,32.130001068115234,0.45155998762229815,0.20390642242145005,31.510000228881836,33.4900016784668,21,31.481428509666806,31.540000915527344,0.39768423468506425,0.15815275051704525,30.63999938964844,32.34000015258789,21,31.909047717139835,31.940000534057617,0.5245656659742488,0.2751691379190072,31.260000228881836,33.470001220703125,21,27.140709740774973,27.167036056518555,0.4461782602448324,0.1990750399151054,26.588651657104492,28.468406677246097,21,115395.23809523809,103700.0,49820.97425974804,2482129476.1904774,49100,219500,21
2014-02,32.84368394550524,32.86000061035156,0.6865707799900651,0.47137943593616644,31.829999923706055,33.959999084472656,19,33.18105215775339,33.369998931884766,0.6655397423005497,0.4429431485814821,31.88999938964844,34.06999969482422,19,32.5063160344174,32.45000076293945,0.7348937597551268,0.540068838127026,31.170000076293945,33.68000030517578,19,32.867894624408926,33.06999969482422,0.6346792992787146,0.4028178129329201,31.86000061035156,33.79999923706055,19,27.95627082021613,28.128175735473633,0.5398364954124178,0.29142344177916146,27.0989933013916,28.74908447265625,19,265300.0,194600.0,286708.9232421389,82202006666.66669,83600,1385000,19
2014-03,33.26809510730562,33.22999954223633,0.41169929583767384,0.16949631019323647,32.439998626708984,34.09000015258789,21,33.58428519112723,33.4900016784668,0.4517588291724262,0.2040860397352414,32.90999984741211,34.400001525878906,21,32.93238103957403,32.9900016784668,0.3137820560764608,0.0984591787155712,32.400001525878906,33.529998779296875,21,33.25761922200521,33.2599983215332,0.3622139875943127,0.13119897280897294,32.7400016784668,34.040000915527344,21,28.41541017804827,28.44288444519043,0.3471326434539109,0.12050107215130006,27.864498138427734,29.148786544799805,21,132938.09523809524,121000.0,53495.56501421848,2861775476.1904764,68300,260500,21
2014-04,33.58952367873419,33.61000061035156,0.4498827023997238,0.2023944459184784,32.720001220703125,34.52000045776367,21,33.821904863630024,33.77000045776367,0.4208275595136522,0.17709583484621647,33.060001373291016,34.52000045776367,21,33.24047615414574,33.36000061035156,0.479004294305056,0.2294451139626847,32.15999984741211,33.880001068115234,21,33.58857163928804,33.709999084472656,0.4735746046260088,0.22427290614668055,32.650001525878906,34.4900016784668,21,28.762228102911088,28.866212844848633,0.4055261106399556,0.16445142641076949,27.95852279663086,29.53412437438965,21,130347.61904761905,130000.0,32730.423447423025,1071280619.0476189,80400,197200,21
2014-05,34.22476250784738,34.27000045776367,0.28186191310509245,0.07944613805926268,33.70000076293945,34.59000015258789,21,34.46761957804362,34.61000061035156,0.2715677563788295,0.07374904630463129,34.040000915527344,34.900001525878906,21,33.933809371221635,33.88999938964844,0.33209132145613107,0.11028464578647937,33.25,34.41999816894531,21,34.24190484909784,34.27000045776367,0.29647327379348615,0.0878964020738274,33.65999984741211,34.66999816894531,21,29.321685155232746,29.34574317932129,0.2538723261131081,0.06445115796608031,28.823396682739254,29.68826675415039,21,185247.61904761905,171600.0,78719.55677623967,6196768619.047621,83900,462000,21
2014-06,34.34857105073475,34.33000183105469,0.34085628126565704,0.1161830044782527,33.84000015258789,35.220001220703125,21,34.56714284987677,34.61000061035156,0.34537139119899596,0.11928139785872989,33.939998626708984,35.220001220703125,21,34.088094983782085,34.119998931884766,0.3400388336998499,0.11562640842395418,33.459999084472656,34.810001373291016,21,34.37095224289667,34.36000061035156,0.3093043044063612,0.09566915272430296,33.86000061035156,35.0,21,29.558657964070637,29.602630615234375,0.2544346242712686,0.06473697802806164,29.181884765625,29.97085189819336,21,176809.52380952382,142100.0,113046.33078858377,12779472904.761904,58400,523900,21
2014-07,35.1677268635143,35.21999931335449,0.4032597941406723,0.1626184615703774,34.4900016784668,35.72999954223633,22,35.375,35.470001220703125,0.3687398444784935,0.13596907290602356,34.75,35.84000015258789,22,34.87772750854492,34.8700008392334,0.43401718106518694,0.18837091345977125,34.220001220703125,35.5099983215332,22,35.16363664106889,35.20000076293945,0.4091865663976107,0.16743364612026626,34.290000915527344,35.77000045776367,22,30.305405269969594,30.33674430847168,0.3526540315874107,0.12436486599485445,29.552473068237305,30.82798767089844,22,146609.0909090909,139250.0,51655.017818222324,2668240865.800866,70200,257500,22
2014-08,34.83714276268368,34.869998931884766,0.38352514215448286,0.1470915346646163,34.189998626708984,35.45000076293945,21,35.107618967692055,35.15999984741211,0.32340192094246084,0.10458880246927368,34.4900016784668,35.529998779296875,21,34.627142951602025,34.65999984741211,0.3653922653385093,0.1335115075692076,34.02000045776367,35.279998779296875,21,34.86428578694662,34.869998931884766,0.37465439291916586,0.1403659141336287,34.09000015258789,35.33000183105469,21,30.047413417271205,30.05233383178711,0.3228908662904906,0.10425851153382346,29.380109786987305,30.448793411254883,21,147800.0,131800.0,64309.47053117449,4135708000.0,46200,266800,21
2014-09,34.20047614687965,33.619998931884766,0.8661090032955574,0.7501448055896238,33.2400016784668,35.5099983215332,21,34.394761766706196,33.970001220703125,0.852159403755079,0.7261756494082119,33.36000061035156,35.66999816894531,21,33.878570919945126,33.58000183105469,0.8947362515490618,0.800552959836066,32.900001525878906,35.290000915527344,21,34.10000010899135,33.630001068115234,0.8917567034562498,0.7952300181591578,32.970001220703125,35.470001220703125,21,29.518599373953684,29.16558074951172,0.6962587341888851,0.4847762249343085,28.59319496154785,30.569446563720703,21,166442.85714285713,145000.0,90603.44127806943,8208983571.428574,77200,407200,21
2014-10,35.3460869167162,34.79999923706055,1.5413061752747428,2.375624725940056,32.970001220703125,38.43000030517578,23,35.76521782253099,35.43000030517578,1.4966201724096124,2.239871940463378,33.33000183105469,38.720001220703125,23,35.10434772657312,34.7599983215332,1.4700800899925277,2.161135470992438,32.84000015258789,38.040000915527344,23,35.512174025825836,35.130001068115234,1.5303830292094287,2.342072216092227,33.08000183105469,38.34000015258789,23,30.79789518273395,30.466453552246097,1.3272229698551923,1.7615208117112369,28.6885929107666,33.25032043457031,23,145130.4347826087,137800.0,49041.276073255685,2405046758.8932805,79600,255400,23
2014-11,38.73578965036493,38.75,0.2613704927489748,0.06831453447984188,38.34000015258789,39.119998931884766,19,38.954736408434414,38.959999084472656,0.2759500610909537,0.07614843621610108,38.560001373291016,39.56999969482422,19,38.43631603843287,38.45000076293945,0.25318415431601343,0.0641022159967149,37.83000183105469,38.81999969482422,19,38.73052637200607,38.66999816894531,0.2830481478520704,0.08011625400248751,38.33000183105469,39.29999923706055,19,33.58900772897821,33.53651809692383,0.24547364703479665,0.06025731138856394,33.24164962768555,34.0828857421875,19,150778.94736842104,163500.0,43151.639327008044,1862063976.6081874,53300,221100,19
2014-12,39.54045486450195,39.345001220703125,0.6834541354518942,0.4671095552662961,38.439998626708984,40.790000915527344,22,39.904999646273524,39.81999969482422,0.6638329698409206,0.4406742118478166,38.75,41.06999969482422,22,39.21772731434215,39.1299991607666,0.6610305891055532,0.4369614397332347,38.029998779296875,40.540000915527344,22,39.53545431657271,39.47999954223633,0.6722866853630453,0.45196938731643016,38.279998779296875,40.650001525878906,22,34.42365316911177,34.37765693664551,0.6159144175495713,0.37935056974542763,33.391700744628906,35.45905303955078,22,161427.27272727274,133900.0,140620.37101568445,19774088744.588745,57600,755300,22
2015-01,43.028000068664554,43.40500068664551,1.4802302350703898,2.191081548816541,40.119998931884766,44.650001525878906,20,43.48199996948242,44.125,1.4777495271314462,2.183743664937213,40.459999084472656,45.09000015258789,20,42.68250026702881,43.10499954223633,1.450541953562468,2.1040719590448207,39.95000076293945,44.56999969482422,20,43.22849998474121,43.52000045776367,1.3806681245803587,1.9062444702322447,40.369998931884766,45.04999923706055,20,37.708283233642575,37.96256446838379,1.2043588868677892,1.4504803283774206,35.214805603027344,39.297176361083984,20,156230.0,124500.0,81308.38048345389,6611052736.842105,57600,376900,20
2015-02,42.782631723504316,42.66999816894531,0.9654926089828514,0.9321759780005132,40.61000061035156,44.33000183105469,19,43.09052678158409,43.040000915527344,0.8894230098173982,0.7910732903926395,41.369998931884766,44.34000015258789,19,42.20421078330592,42.209999084472656,0.8507992507143248,0.7238593650160566,40.61000061035156,43.720001220703125,19,42.57210500616776,42.52000045776367,0.9431657013276216,0.8895615401608242,40.779998779296875,44.209999084472656,19,37.13570966218647,37.09025573730469,0.8227268181169359,0.6768794172488177,35.572444915771484,38.5644416809082,19,155484.2105263158,144000.0,73615.8970087145,5419300292.397661,63500,334100,19
2015-03,42.33909086747603,42.314998626708984,1.2858307227357966,1.6533606475312612,40.400001525878906,44.52000045776367,22,42.798636349764735,42.670000076293945,1.2847616102495758,1.6506123951710832,40.810001373291016,45.0,22,42.048181707208805,42.23500061035156,1.2576037880615756,1.581567287746824,40.09000015258789,44.15999984741211,22,42.42272741144354,42.494998931884766,1.2728977218824828,1.6202686103736148,40.11000061035156,44.560001373291016,22,37.151877489956945,37.2805290222168,1.1897587941539736,1.4155259882667175,34.988014221191406,39.09213638305664,22,153486.36363636365,135700.0,75156.63830551019,5648520281.385282,75400,426400,22
2015-04,41.962857200985866,41.75,0.8188538095613483,0.670521561433133,40.77000045776367,43.59000015258789,21,42.206666128976,41.869998931884766,0.8656986274488039,0.7494341135667429,40.88999938964844,43.900001525878906,21,41.54190444946289,41.22999954223633,0.9295786220139783,0.8641164145054068,39.5,43.310001373291016,21,41.76761899675642,41.59000015258789,0.8924851456646756,0.7965297352320972,39.79999923706055,43.59000015258789,21,36.6424066452753,36.48657989501953,0.7829709330658909,0.6130434820260718,34.916221618652344,38.24116516113281,21,141609.52380952382,122700.0,53692.30768705984,2882863904.7619047,82700,271300,21
2015-05,40.14149990081787,40.20000076293945,0.4204161001804841,0.17674969729096685,39.310001373291016,40.849998474121094,20,40.56049995422363,40.60000038146973,0.38320625348794035,0.1468470327122636,39.61000061035156,41.22999954223633,20,39.75650043487549,39.71000099182129,0.44557812429309845,0.19853986484855587,38.970001220703125,40.45000076293945,20,40.14749984741211,40.22999954223633,0.47198247669204585,0.22276745830435762,39.279998779296875,40.75,20,35.221087265014646,35.2934627532959,0.41406604485953785,0.1714506895056208,34.46003341674805,35.749656677246094,20,196015.0,137750.0,152485.36176509396,23251785552.63158,85800,631800,20
2015-06,39.685909097844906,39.46500015258789,0.5847640191818352,0.34194895812969367,38.97999954223633,41.2599983215332,22,40.066363768144086,39.90999984741211,0.6118863953587612,0.3744049608251383,39.38999938964844,41.380001068115234,22,39.35681828585538,39.32500076293945,0.4950651495688682,0.24508950231764587,38.77000045776367,40.619998931884766,22,39.7145451632413,39.529998779296875,0.6266441346162309,0.392682871448925,38.970001220703125,41.290000915527344,22,34.98331624811346,34.81125831604004,0.5819424766362175,0.33865704611349445,34.38984680175781,36.43952178955078,22,279013.63636363635,215950.0,163831.13052470927,26840639329.004326,121800,752500,22
2015-07,40.869545849886805,41.1150016784668,0.6822191689148844,0.4654229944349156,39.310001373291016,41.81999969482422,22,41.27545443448153,41.42999839782715,0.5656154672306875,0.31992085677058885,39.790000915527344,41.959999084472656,22,40.545454718849875,40.80999946594238,0.6645418163498042,0.441615825677497,38.9900016784668,41.2400016784668,22,40.932272997769445,41.11000061035156,0.6250099439756932,0.39063743006849916,39.130001068115234,41.619998931884766,22,36.123819004405625,36.28066062927246,0.5515864566888916,0.3042476192026065,34.53327178955078,36.73074722290039,22,193950.0,146200.0,135441.45018631272,18344386428.57143,60000,608000,22
2015-08,40.600952511742,40.779998779296875,1.1615461346973408,1.349189423030333,38.06999969482422,42.150001525878906,21,41.032857259114586,41.2599983215332,1.0268208211746728,1.0543609987978295,39.08000183105469,42.279998779296875,21,40.11238061814081,40.2599983215332,1.295379735139032,1.6780086582088682,37.869998931884766,41.939998626708984,21,40.559047517322355,40.720001220703125,1.2573257050751239,1.5808679286426572,37.880001068115234,42.220001220703125,21,35.794437408447266,35.936485290527344,1.109625223665591,1.231268136994913,33.43010330200195,37.26028060913086,21,213595.2380952381,199700.0,79642.04590660938,6342855476.190475,105200,379400,21
2015-09,39.08714294433594,39.04999923706055,1.0200642655058862,1.0405311057620632,37.77000045776367,41.02000045776367,21,39.55714271182106,39.369998931884766,1.0197703063678574,1.0399314777495938,38.119998931884766,41.310001373291016,21,38.816190992082866,39.0,1.0184573079851824,1.0372552881884247,37.27000045776367,40.52000045776367,21,39.22047605968657,39.25,1.0912033017570397,1.190724645765465,37.4900016784668,40.86000061035156,21,34.775425138927645,34.85028839111328,1.028796603971377,1.0584224523430383,33.0859260559082,36.279815673828125,21,210004.7619047619,187600.0,113797.73054059768,12949923476.190477,63300,486200,21
2015-10,42.47454556551847,42.415000915527344,0.7863825963511795,0.6183975878440221,41.0099983215332,43.5,22,42.843181956898086,42.80500030517578,0.7884668162702533,0.6216799203593493,41.36000061035156,43.790000915527344,22,42.152727300470524,42.060001373291016,0.7832664527258324,0.6135063359657087,40.619998931884766,43.349998474121094,22,42.514999563043766,42.454999923706055,0.7247318689290438,0.5252362818413848,41.349998474121094,43.529998779296875,22,37.74929636174982,37.69602012634277,0.6434929348743818,0.4140831572332453,36.71488952636719,38.65052032470703,22,202681.81818181818,186800.0,79517.30950442495,6323002510.822511,79500,344700,22
2015-11,40.240000343322755,39.954999923706055,0.9893217396756169,0.9787575045947889,39.150001525878906,42.52000045776367,20,40.56550006866455,40.1299991607666,0.9835138408805342,0.9672994752035806,39.58000183105469,42.84000015258789,20,39.86349983215332,39.68499946594238,0.9324794429837107,0.8695179115872113,38.939998626708984,42.16999816894531,20,40.16499977111816,39.93000030517578,0.9471094389355907,0.8970162893208894,39.099998474121094,42.689998626708984,20,35.662720108032225,35.45406150817871,0.8409437066682718,0.7071863177849724,34.71710968017578,37.90467834472656,20,179845.0,147400.0,101885.7899032565,10380714184.210526,58000,439300,20
2015-12,38.918636322021484,38.86000061035156,0.5093629069570264,0.2594505709837123,38.04999923706055,40.0099983215332,22,39.225454330444336,39.170000076293945,0.48456911379951423,0.23480722604844656,38.470001220703125,40.150001525878906,22,38.531363227150656,38.44499969482422,0.46972459200116506,0.22064119233066096,37.77000045776367,39.790000915527344,22,38.83181797374379,38.88999938964844,0.497121928407038,0.24713021170313224,38.13999938964844,40.11000061035156,22,34.66006747159091,34.68564987182617,0.4266379391137606,0.18201993109123688,34.01565933227539,35.6138916015625,22,200118.18181818182,163900.0,134936.28350469942,18207800606.06061,52700,663900,22
2016-01,37.38578957005551,37.349998474121094,0.6549075524755994,0.42890390228958003,36.22999954223633,38.45000076293945,19,37.750526428222656,37.66999816894531,0.6914678314638354,0.47812776194929907,36.689998626708984,38.959999084472656,19,36.87105218987716,36.91999816894531,0.7808175438577177,0.609676036795999,34.869998931884766,38.29999923706055,19,37.345789457622324,37.279998779296875,0.6861511331875766,0.4708033775745954,36.02000045776367,38.77000045776367,19,33.372743104633535,33.31394577026367,0.6131553464063823,0.3759594788267306,32.18799591064453,34.64543533325195,19,226705.26315789475,216700.0,84009.39414192658,7057578304.093568,126400,499800,19
2016-02,36.276000022888184,36.31999969482422,0.966601968624891,0.9343193657495147,34.34000015258789,37.779998779296875,20,36.7495002746582,36.88999938964844,0.9495733733223528,0.9016895913227925,35.08000183105469,38.09000015258789,20,35.92349967956543,36.03499984741211,0.9849511939929402,0.9701288545481184,34.06999969482422,37.16999816894531,20,36.27799987792969,36.40500068664551,0.9829093852767782,0.966110859665174,34.61000061035156,37.7599983215332,20,32.418550682067874,32.532039642333984,0.8783409185242324,0.7714827691539922,30.928001403808594,33.74288558959961,20,209220.0,210600.0,69210.90270059754,4790149052.631578,110000,372500,20
2016-03,38.08227278969505,37.96500015258789,0.5541006344851936,0.3070275131368942,37.31999969482422,39.470001220703125,22,38.4350001595237,38.260000228881836,0.5872758515461578,0.34489292580926484,37.59000015258789,39.95000076293945,22,37.79545437205922,37.65999984741211,0.5531963207460102,0.30602616928692267,37.20000076293945,39.18000030517578,22,38.224545218727805,38.045000076293945,0.6443802626867865,0.415225922940292,37.56999969482422,39.91999816894531,22,34.32379774613814,34.119455337524414,0.6244402949746765,0.3899256819880609,33.582035064697266,35.9102783203125,22,142459.0909090909,133900.0,48242.00559570574,2327291103.896104,75400,274200,22
2016-04,38.687618618919736,38.599998474121094,0.5716113326376349,0.3267395155997729,37.689998626708984,39.630001068115234,21,39.00571459815616,38.88999938964844,0.5846928826272771,0.3418657669949949,38.150001525878906,39.93000030517578,21,38.42333330426897,38.400001525878906,0.536529140946825,0.287863519085138,37.45000076293945,39.369998931884766,21,38.7052377973284,38.54999923706055,0.6143583944119206,0.377436236784393,37.63999938964844,39.7599983215332,21,34.81753903343564,34.67789077758789,0.5526526136667852,0.3054249113927289,33.85929489135742,35.766357421875,21,203352.38095238095,166000.0,105898.62425474479,11214518619.04762,60100,472800,21
2016-05,40.56190454392206,40.599998474121094,1.0068249105715885,1.013696400547487,38.880001068115234,42.369998931884766,21,40.90476172310965,41.16999816894531,1.021090668542303,1.042626153384167,39.09000015258789,42.369998931884766,21,40.17904735746838,40.209999084472656,1.0173782707003296,1.0350585456931933,38.599998474121094,41.869998931884766,21,40.59000015258789,40.68000030517578,1.050547425120171,1.1036498924266211,38.72999954223633,42.209999084472656,21,36.51298831758045,36.59395217895508,0.94502688810051,0.8930758192329339,34.839813232421875,37.970272064208984,21,135047.61904761905,111300.0,65112.1387995174,4239590619.047619,66300,288000,21
2016-06,40.98863636363637,40.989999771118164,0.4914438715991463,0.24151707893235824,40.029998779296875,42.099998474121094,22,41.39590887589888,41.334999084472656,0.4538370185983713,0.2059680394502584,40.54999923706055,42.45000076293945,22,40.69727273420854,40.65999984741211,0.5207157631791886,0.2711449060232847,39.70000076293945,41.790000915527344,22,41.1390907981179,41.02000045776367,0.4534511024351223,0.2056179022996278,40.45000076293945,42.439998626708984,22,37.18060181357644,37.12386703491211,0.42380278088614254,0.17960879708682775,36.38704299926758,38.40898132324219,22,175954.54545454544,130500.0,189304.90328284263,35836346406.9264,68900,982600,22
2016-07,44.186499977111815,44.489999771118164,0.9455784346669901,0.8941185761072753,42.540000915527344,45.689998626708984,20,44.60049991607666,44.71500015258789,1.0141239114293543,1.028447307732773,42.66999816894531,46.380001068115234,20,43.84749984741211,44.20000076293945,0.9879744718044096,0.976093556937202,42.16999816894531,45.16999816894531,20,44.35949974060058,44.64999961853027,0.9802071218210627,0.9608060016687316,42.529998779296875,45.880001068115234,20,40.1461763381958,40.409080505371094,0.8871058567087845,0.7869568010070265,38.490447998046875,41.52226257324219,20,210645.0,193400.0,78612.42351930735,6179913131.578949,104400,392800,20
2016-08,44.98217375382133,44.90999984741211,0.5593906319527612,0.31291787911650953,44.09000015258789,46.040000915527344,23,45.26826128752335,44.95000076293945,0.5555967663045268,0.308687766728047,44.4900016784668,46.20000076293945,23,44.61521729179051,44.54999923706055,0.5432716541691899,0.2951440902237279,43.77000045776367,45.56999969482422,23,44.92782609359078,44.68000030517578,0.5352564131071771,0.28649942777236104,44.20000076293945,45.95000076293945,23,40.66052362193232,40.43623352050781,0.48441754105965806,0.23466035408628552,40.001834869384766,41.58560943603515,23,160982.60869565216,156800.0,65274.425258943294,4260750592.8853745,63200,279900,23
2016-09,43.58047594342913,44.0,0.9469662096262498,0.8967450021739065,42.060001373291016,45.13999938964844,21,43.94904745192755,44.060001373291016,0.9689268928162753,0.9388193236226018,42.2400016784668,45.5,21,43.16809554327102,43.5,0.9240274772448701,0.8538267787035189,41.88999938964844,44.790000915527344,21,43.559047517322355,43.86000061035156,1.010796245772978,1.0217090504687467,42.060001373291016,45.43000030517578,21,39.573607308524,39.85702133178711,0.8676969153381676,0.7528979368873713,38.28680038452149,41.11499786376953,21,145976.19047619047,149700.0,62894.87979765845,3955765904.7619047,65800,284700,21
2016-10,40.59523827689035,40.59000015258789,1.0587145149791053,1.120876424227442,38.400001525878906,43.20000076293945,21,40.85761914934431,40.91999816894531,0.9967090840524219,0.9934289982326178,38.95000076293945,43.529998779296875,21,40.17999994187128,40.27000045776367,0.9761862901133037,0.9529396730051752,38.27000045776367,42.45000076293945,21,40.46333331153507,40.650001525878906,0.8863090370512879,0.7855437091587814,38.459999084472656,42.47999954223633,21,36.83337602161226,37.003299713134766,0.8067982073224478,0.6509233473387154,35.009761810302734,38.66912460327149,21,186123.80952380953,167400.0,69214.99046277406,4790714904.761905,102100,342500,21
2016-11,39.796190534319194,40.02000045776367,0.8105955313592068,0.6570651154595148,37.91999816894531,41.25,21,40.28619057791574,40.5099983215332,0.7943202515433404,0.6309446620118755,38.43000030517578,41.45000076293945,21,39.36238152640207,39.810001373291016,0.9283851486992637,0.861898984325354,37.540000915527344,40.470001220703125,21,39.81476193382626,40.060001373291016,0.8600035105797924,0.739606038209567,38.20000076293945,41.0099983215332,21,36.24298949468704,36.46622085571289,0.7828539524590761,0.6128603108807973,34.77309036254883,37.33100509643555,21,245047.61904761905,255300.0,88653.18730337684,7859387619.047617,63800,405300,21
2016-12,41.87238075619652,42.369998931884766,1.283335028413176,1.6469487951522468,39.31999969482422,43.439998626708984,21,42.334285736083984,42.72999954223633,1.1934849109161099,1.4244062325844347,40.04999923706055,43.5,21,41.53333336966379,42.0,1.237280448699353,1.5308629087336723,38.970001220703125,42.86000061035156,21,42.00476201375326,42.4900016784668,1.1884927321318222,1.412514974330163,39.2400016784668,43.13999938964844,21,38.45259530203683,38.930908203125,1.158851760713792,1.3429374033094557,35.719791412353516,39.526458740234375,21,278476.1904761905,240300.0,133588.2027155164,17845807904.761906,103700,762000,21
2017-01,43.231500244140626,43.17500114440918,0.4282806003717069,0.18342427265474973,42.290000915527344,43.95000076293945,20,43.526000022888184,43.44999885559082,0.42425689387620774,0.1799939120014878,42.529998779296875,44.11000061035156,20,42.879500007629396,42.92499923706055,0.4426055518534189,0.19589967453146945,41.65999984741211,43.529998779296875,20,43.22049961090088,43.10499954223633,0.4629370466116881,0.21431070912555228,42.2599983215332,43.97999954223633,20,39.60021629333496,39.49439239501953,0.42416052703590607,0.1799121526953776,38.72016525268555,40.29610061645508,20,187110.0,143000.0,150610.14469221697,22683415684.21053,62100,688300,20
2017-02,43.37631566900956,43.2599983215332,0.6433782781909917,0.4139356088480051,42.290000915527344,44.34000015258789,19,43.76789474487305,43.5099983215332,0.627938088022998,0.3943062423899784,42.900001525878906,44.790000915527344,19,43.027368445145456,43.06999969482422,0.6384691191931505,0.4076428161632774,41.970001220703125,44.119998931884766,19,43.44105308934262,43.220001220703125,0.6644453876609289,0.4414876731838821,42.33000183105469,44.56999969482422,19,39.80229568481445,39.599761962890625,0.6087888414200648,0.3706238534375849,38.784305572509766,40.83667755126953,19,188873.68421052632,174700.0,98958.76156878716,9792836491.228067,76000,478500,19
2017-03,42.098260962444805,41.91999816894531,0.7994527204794594,0.6391246522820085,41.130001068115234,43.970001220703125,23,42.43043518066406,42.29999923706055,0.7095995492649962,0.5035315203170858,41.45000076293945,44.06999969482422,23,41.72565228006114,41.59000015258789,0.7321624666942327,0.5360618776357834,40.66999816894531,43.369998931884766,23,41.99695653500764,41.84000015258789,0.732929750196173,0.5371860187226246,40.79999923706055,43.790000915527344,23,38.6251802859099,38.575294494628906,0.6483049074598511,0.42029925303652615,37.38246536254883,40.122013092041016,23,349182.60869565216,247300.0,380714.42727895133,144943475138.3399,155800,2040300,23
2017-04,43.24578937731291,43.279998779296875,1.1507014196026766,1.3241137570756152,41.43000030517578,44.65999984741211,19,43.548947384482936,43.560001373291016,1.0561720090939384,1.1154993127935262,41.939998626708984,44.83000183105469,19,42.907368308619446,43.04999923706055,1.091791777804127,1.1920092860806961,41.189998626708984,44.43000030517578,19,43.22631595009252,43.220001220703125,1.0311924913952701,1.0633579543099845,41.439998626708984,44.529998779296875,19,39.853437524092826,39.847618103027344,0.9507297001908003,0.903886962824889,38.206504821777344,41.05539321899414,19,292452.63157894736,271600.0,89623.61028472261,8032391520.467836,169800,524100,19
2017-05,40.189545371315695,39.540000915527344,1.3981666994206592,1.9548701193688602,38.34000015258789,43.189998626708984,22,40.420000076293945,39.85499954223633,1.3678866509541814,1.8711138898586464,38.880001068115234,43.38999938964844,22,39.7240907495672,39.26500129699707,1.2929725320266967,1.6717779685755274,38.04999923706055,42.869998931884766,22,40.007727189497515,39.48500061035156,1.3231126391411454,1.750627055855047,38.380001068115234,43.209999084472656,22,36.885988062078304,36.40405082702637,1.219872803181855,1.4880896559427572,35.38526916503906,39.83839797973633,22,289204.54545454547,301900.0,93919.10134473495,8820797597.402596,176900,513500,22
2017-06,40.07181791825728,39.97999954223633,0.5200879134662038,0.2704914377336295,38.9900016784668,41.310001373291016,22,40.41909113797274,40.375,0.48926521901354053,0.23938045453636778,39.66999816894531,41.33000183105469,22,39.75136375427246,39.80500030517578,0.5014199011117638,0.25142191723093105,38.869998931884766,40.599998474121094,22,40.081818493929774,40.03499984741211,0.4991008510413853,0.24910165951023508,39.38999938964844,41.08000183105469,22,37.104042920199305,37.00705909729004,0.47273035299622657,0.22347398664393697,36.49164581298828,38.03232955932617,22,258404.54545454544,227050.0,66852.85531725077,4469304264.069264,182800,426200,22
2017-07,39.6899995803833,39.81999969482422,0.6500769513878634,0.4226000427257385,38.27000045776367,40.7599983215332,20,40.04799976348877,40.19999885559082,0.617197264950112,0.3809324638618987,38.599998474121094,40.779998779296875,20,39.33599967956543,39.41499900817871,0.6097919550518699,0.37184622844598175,37.970001220703125,40.22999954223633,20,39.704000091552736,39.96500015258789,0.6933703597401708,0.4807624557662139,38.25,40.61000061035156,20,36.83912296295166,37.081289291381836,0.643340957829937,0.41388758802154085,35.49003601074219,37.67974853515625,20,184030.0,173400.0,48212.229285022484,2324419052.6315794,131100,334300,20
2017-08,40.30434782608695,40.34000015258789,0.33775710656828967,0.11407986303738299,39.630001068115234,40.86000061035156,23,40.68043468309485,40.65999984741211,0.2895056986010826,0.08381354952250088,40.15999984741211,41.22999954223633,23,40.05521741120712,40.09000015258789,0.26846130640624793,0.07207147303734934,39.630001068115234,40.54999923706055,23,40.32739091956097,40.310001373291016,0.3051262017872014,0.09310199901708395,39.77000045776367,40.95000076293945,23,37.41753155252208,37.401390075683594,0.2831098379536106,0.08015118034611965,36.900360107421875,37.99522018432617,23,220252.1739130435,207300.0,72839.38039253477,5305575335.96838,129300,398000,23
2017-09,40.367500114440915,40.40999984741211,0.3503813291702674,0.12276707583112327,39.7599983215332,40.81999969482422,20,40.66550006866455,40.630001068115234,0.3930107926966623,0.15445748317605887,40.13999938964844,41.369998931884766,20,40.07200031280517,40.11000061035156,0.4168879986833226,0.173795603446186,39.2400016784668,40.77000045776367,20,40.32850017547607,40.364999771118164,0.3655889672983052,0.1336552930102413,39.7400016784668,40.86000061035156,20,37.57580642700195,37.66203498840332,0.275067715936742,0.0756622483506562,37.111961364746094,37.98045349121094,20,204350.0,184150.0,57921.54857627413,3354905789.4736834,131300,373300,20
2017-10,40.12681822343306,40.295000076293945,0.7733249421732526,0.5980314661872645,38.970001220703125,41.5099983215332,22,40.3831821788441,40.48500061035156,0.7569640256134191,0.5729945360728731,39.04999923706055,41.689998626708984,22,39.82045468417081,39.93499946594238,0.7878878292502614,0.620767231480689,38.599998474121094,41.150001525878906,22,40.08500012484464,40.295000076293945,0.8021147200848309,0.6433880241767665,38.790000915527344,41.369998931884766,22,37.43414150584828,37.63025665283203,0.7490701875777797,0.5611061459178099,36.22478485107422,38.634159088134766,22,201768.18181818182,180550.0,77413.27797000077,5992815606.060606,61200,379700,22
2017-11,39.12095242454892,39.40999984741211,0.6647247327455421,0.4418589703236324,37.25,39.869998931884766,21,39.50571459815616,39.63999938964844,0.342134644841466,0.11705611520079609,38.869998931884766,39.970001220703125,21,38.8495241800944,39.18000030517578,0.7122462830858027,0.5072947677695414,36.790000915527344,39.45000076293945,21,39.26857121785482,39.36000061035156,0.3848933146781656,0.1481428636839454,38.36000061035156,39.7400016784668,21,36.67170406523205,36.75708770751953,0.3594405536672445,0.12919751162061524,35.82321548461914,37.111961364746094,21,304104.7619047619,293600.0,136568.64748612864,18650995476.19047,62000,677100,21
2017-12,38.672499656677246,38.65500068664551,0.6160907878943491,0.3795678589282799,37.66999816894531,39.540000915527344,20,38.95650024414063,38.96500015258789,0.6360344923740276,0.404539875489487,38.029998779296875,39.9900016784668,20,38.29300022125244,38.295000076293945,0.6594341736348681,0.4348534293575013,36.95000076293945,39.369998931884766,20,38.56400012969971,38.47500038146973,0.5861957423805613,0.3436254483850974,37.65999984741211,39.540000915527344,20,36.22792072296143,36.178022384643555,0.5160864978246116,0.26634527323687285,35.416282653808594,37.0526123046875,20,221455.0,191450.0,130875.99383828149,17128525763.157894,102600,712500,20
2018-01,36.495714823404946,36.34000015258789,0.890221919294194,0.7924950655918386,34.900001525878906,38.29999923706055,21,36.6528574625651,36.470001220703125,0.8478035600435707,0.7187708764225524,35.040000915527344,38.380001068115234,21,36.12190464564732,36.0,0.8771925582244584,0.7694667842043699,34.7599983215332,38.060001373291016,21,36.34809530349005,36.29999923706055,0.8335083752689479,0.6947362116434814,34.84000015258789,38.15999984741211,21,34.18253653390067,34.13730239868164,0.7838484375154394,0.6144183729953958,32.76428985595703,35.88648986816406,21,162609.52380952382,153800.0,43770.628334099856,1915867904.761905,106400,274100,21
2018-02,32.83368391739695,32.7599983215332,0.8772064622733932,0.7694911774542019,31.8700008392334,35.25,19,33.214210309480364,32.9900016784668,0.8269380359855745,0.6838265153596793,32.27000045776367,35.43000030517578,19,32.249473872937656,32.119998931884766,0.8138764230222822,0.6623948319515449,30.93000030517578,34.33000183105469,19,32.68684186433491,32.619998931884766,0.7800932313671303,0.608545449624811,31.719999313354492,34.59000015258789,19,30.73941421508789,30.676557540893555,0.7336177429362726,0.5381949927509109,29.83017349243164,32.52919006347656,19,319747.36842105264,326600.0,119106.88182571826,14186449298.245613,147300,580500,19
2018-03,32.536666506812686,32.599998474121094,0.724495493494545,0.5248937200939043,30.719999313354492,34.06999969482422,21,32.90476199558803,32.95000076293945,0.6269577167691269,0.39307597861635674,31.850000381469727,34.22999954223633,21,32.23238063993908,32.279998779296875,0.6441340207883548,0.41490863673697265,30.6200008392334,33.15999984741211,21,32.61857141767229,32.52000045776367,0.6069456742641623,0.3683830515079787,31.719999313354492,34.09000015258789,21,30.820329484485445,30.77683448791504,0.6473064649499444,0.41900565956599356,29.83017349243164,32.32231140136719,21,482676.1904761905,379600.0,238048.70910122976,56667187904.7619,193400,1078200,21
2018-04,33.73619025094168,33.849998474121094,0.6500343248920084,0.4225446235378092,32.540000915527344,34.77000045776367,21,34.03238169352213,34.220001220703125,0.6219397266777995,0.3868090236200559,32.869998931884766,35.040000915527344,21,33.393809545607795,33.43000030517578,0.6318735733677087,0.39926421272047713,32.25,34.290000915527344,21,33.71666644868397,33.93000030517578,0.6483311528403229,0.42033328374326223,32.45000076293945,34.900001525878906,21,31.9683354695638,32.17060852050781,0.6147125398687161,0.3778715066718479,30.767349243164062,33.09031295776367,21,251676.19047619047,183600.0,134047.5322591278,17968740904.76191,151000,686500,21
2018-05,34.762727217240766,34.954999923706055,0.8168531088690991,0.6672490014691123,32.9900016784668,36.290000915527344,22,35.09409072182395,35.05999946594238,0.7135201138991756,0.5091109529386925,33.59000015258789,36.45000076293945,22,34.48909083279696,34.545000076293945,0.8339685081808091,0.6955034726373244,32.540000915527344,36.06999969482422,22,34.89045455239036,34.94000053405762,0.7848171618001362,0.6159379774560211,33.029998779296875,36.349998474121094,22,33.08126024766402,33.12823677062988,0.7441216194119623,0.5537169844762813,31.31727409362793,34.46512222290039,22,317159.0909090909,295400.0,124642.21045739533,15535680627.705627,161400,552300,22
2018-06,37.49285725184849,37.38999938964844,0.6498399253352113,0.422291928559673,36.36000061035156,38.790000915527344,21,37.845714205787296,37.77000045776367,0.6010206299647962,0.36122579764328056,36.79999923706055,38.869998931884766,21,37.30999992007301,37.16999816894531,0.627271690387068,0.39346977356104973,36.130001068115234,38.369998931884766,21,37.580952598935085,37.439998626708984,0.6400541017582555,0.40966925317756725,36.459999084472656,38.790000915527344,21,35.79313532511393,35.64088821411133,0.6950168499402367,0.4830484217008495,34.56941604614258,37.04475402832031,21,247342.85714285713,229600.0,95198.84753203986,9062820571.428572,116100,442300,21
2018-07,37.94523820422945,38.0099983215332,0.5513946645170255,0.3040360760578431,36.84000015258789,38.97999954223633,21,38.28428595406668,38.31999969482422,0.5082867148792193,0.2583553845227088,37.529998779296875,39.25,21,37.611428578694664,37.59000015258789,0.5642898888688984,0.31842307867967373,36.56999969482422,38.810001373291016,21,37.952857244582404,38.06999969482422,0.5648463989083682,0.31905145435975146,36.77000045776367,38.939998626708984,21,36.24527595156715,36.35715103149414,0.5394332546678052,0.29098823624150116,35.11563491821289,37.18800354003906,21,234876.19047619047,211500.0,66656.92690757582,4443145904.761905,141100,414000,21
2018-08,38.982173919677734,38.959999084472656,0.4304856577494818,0.18531790152800395,38.13999938964844,39.63999938964844,23,39.190434663192086,39.150001525878906,0.4120839785594863,0.16981320538541517,38.45000076293945,39.849998474121094,23,38.71913030873174,38.779998779296875,0.5251138877800733,0.2757445951395034,37.29999923706055,39.41999816894531,23,38.98739126454229,38.9900016784668,0.4550545732541826,0.20707466463954624,38.119998931884766,39.63999938964844,23,37.2332647572393,37.23575592041016,0.4345808241656399,0.18886049273248684,36.40489959716797,37.85651016235352,23,158991.30434782608,139300.0,62366.40203480395,3889568102.7667985,90500,347500,23
2018-09,38.141052647640834,38.5099983215332,0.847151477737201,0.7176656262323233,36.84000015258789,39.34000015258789,19,38.412105560302734,38.58000183105469,0.8076066577299024,0.6522285136096636,37.150001525878906,39.5,19,37.797894528037624,38.0099983215332,0.8322363639149603,0.6926173654223942,36.650001525878906,38.97999954223633,19,38.067894785027754,38.279998779296875,0.8496117710458481,0.7218401614996626,36.75,39.06999969482422,19,36.5273043983861,36.81315231323242,0.743471219176074,0.5527494537431579,35.34178161621094,37.563262939453125,19,239900.0,177600.0,246638.59074452327,60830594444.444435,103000,1232300,19
2018-10,36.839130567467734,36.79999923706055,0.7264605865953957,0.5277449838765264,35.38999938964844,38.95000076293945,23,37.292608841605805,37.060001373291016,0.7295716944156728,0.5322748572925559,36.209999084472656,39.4900016784668,23,36.43869565880817,36.38999938964844,0.6192174586320366,0.383430261074718,35.369998931884766,37.81999969482422,23,36.84999980097232,36.779998779296875,0.7175335677783716,0.5148544208887591,35.459999084472656,38.36000061035156,23,35.437947148862094,35.370628356933594,0.6900385654719166,0.4761532218385404,34.1012077331543,36.89008331298828,23,212760.86956521738,202000.0,116809.6576764191,13644496126.482216,65000,524700,23
2018-11,39.2971434820266,39.380001068115234,0.7723028860969083,0.5964517478736141,37.95000076293945,41.08000183105469,21,39.71095294044132,39.63999938964844,0.8529999687623719,0.7276089467086075,38.4900016784668,41.779998779296875,21,39.00190462384905,39.13999938964844,0.7928343928212607,0.628586374440257,37.63999938964844,40.790000915527344,21,39.419523511614116,39.369998931884766,0.8875945267899353,0.7878240439874493,37.939998626708984,41.619998931884766,21,37.90900947934105,37.86138153076172,0.853582958071422,0.728603866309959,36.48617935180664,40.02516555786133,21,215742.85714285713,221600.0,82141.49725582419,6747225571.428572,47100,444000,21
2018-12,41.11210552014803,41.27000045776367,1.028367392609281,1.057539494182011,38.720001220703125,42.81999969482422,19,41.47210532740543,41.90999984741211,0.9054314972004562,0.8198061961226597,39.95000076293945,42.849998474121094,19,40.42157926057514,40.75,1.141832056853911,1.3037804460592335,38.150001525878906,42.13999938964844,19,40.959999686793275,41.099998474121094,1.042528929986759,1.0868665698593367,38.560001373291016,42.810001373291016,19,39.56956602397718,39.79087448120117,0.9234634796529184,0.8527847982526761,37.33177947998047,41.16957092285156,19,273178.94736842107,238600.0,114851.0077300508,13190753976.608189,149800,592200,19
2019-01,40.74285725184849,40.689998626708984,0.7944950419448313,0.6312223716749192,39.369998931884766,42.540000915527344,21,41.185713995070685,41.150001525878906,0.8088423946857612,0.6542260194409968,39.689998626708984,42.970001220703125,21,40.481904711042134,40.47999954223633,0.8051931767134246,0.6483360518258562,38.939998626708984,41.97999954223633,21,40.88952364240374,40.81999969482422,0.927342447520962,0.8599640149741681,39.29999923706055,42.939998626708984,21,39.58710043770926,39.51979064941406,0.8978033295660047,0.8060508185798041,38.04821014404297,41.572261810302734,21,211252.38095238095,191300.0,73101.90571419885,5343888619.047617,95100,384200,21
2019-02,43.523157621684824,43.439998626708984,0.4459577425125339,0.19887830810687548,42.540000915527344,44.18000030517578,19,43.84736874229029,43.959999084472656,0.38657808774435864,0.14944261792408506,43.06999969482422,44.459999084472656,19,43.07526277240954,43.15999984741211,0.5006925241043685,0.2506930036940036,41.869998931884766,43.79999923706055,19,43.580000024092826,43.599998474121094,0.4085207253567262,0.16688918304598568,42.599998474121094,44.220001220703125,19,42.19187786704615,42.211238861083984,0.395509489899534,0.15642775660058958,41.24309158325195,42.81149673461914,19,151073.68421052632,133800.0,59340.33518709646,3521275380.116958,96800,336900,19
2019-03,45.25,45.5099983215332,0.7798525869514119,0.6081700573748094,43.61000061035156,46.4900016784668,21,45.67333330426897,45.86000061035156,0.7583422853836427,0.5750830218008861,43.880001068115234,46.619998931884766,21,44.915714263916016,45.099998474121094,0.7491429984090475,0.5612152320652981,43.06999969482422,45.91999816894531,21,45.32333319527762,45.56999969482422,0.7041047366512796,0.49576348017476785,43.81999969482422,46.279998779296875,21,44.04805973597935,44.14640808105469,0.7749528979546098,0.6005519940482478,42.42423248291016,45.081546783447266,21,255347.61904761905,206600.0,147646.16019066537,21799388619.04762,120300,765800,21
2019-04,45.73380951654343,45.869998931884766,0.839127299058307,0.7041346240248894,43.900001525878906,46.810001373291016,21,46.03476206461588,46.16999816894531,0.7158398143276012,0.5124266397765745,44.380001068115234,46.86000061035156,21,45.24714315505255,45.52000045776367,0.9312848535359496,0.867291478425475,43.130001068115234,46.2400016784668,21,45.72047642299107,46.0,0.8474345434880675,0.7181453054968293,43.689998626708984,46.77000045776367,21,44.536512102399556,44.808799743652344,0.8254890949830705,0.6814322459359688,42.558616638183594,45.55885696411133,21,245233.33333333334,238000.0,50938.36798851464,2594717333.333333,187700,384300,21
2019-05,45.77772747386586,45.795000076293945,0.4174177911497447,0.1742376123683319,44.970001220703125,46.33000183105469,22,46.081363677978516,46.079999923706055,0.37162847226394413,0.1381077213972331,45.56999969482422,46.86000061035156,22,45.33636335893111,45.420000076293945,0.4903112590851787,0.24040513078569323,44.4900016784668,46.060001373291016,22,45.73727295615456,45.84499931335449,0.45023995542667555,0.20271601746261478,44.68000030517578,46.43000030517578,22,44.552873611450195,44.65781021118164,0.43858017830351587,0.19235257280074378,43.522979736328125,45.2276611328125,22,212327.27272727274,174450.0,101635.76040059814,10329827792.207794,113900,562300,22
2019-06,46.49050006866455,46.55499839782715,0.9414576706921869,0.8863425457051581,45.04999923706055,47.970001220703125,20,46.891500091552736,46.77499961853027,0.8380260279088002,0.7022876234526012,45.31999969482422,48.11000061035156,20,45.924000358581544,46.095001220703125,0.9310233079409751,0.8668043999293557,44.25,47.650001525878906,20,46.54549980163574,46.5,0.8554557808800816,0.7318045930411502,45.11000061035156,48.029998779296875,20,45.52440567016602,45.36760711669922,0.9103545191112175,0.828745350466216,43.94184875488281,47.07688903808594,20,1057645.0,644150.0,1258158.1063205055,1582961820500.0002,184300,4650200,20
2019-07,47.10454541986639,47.05999946594238,0.6117480277425744,0.37423564944692966,45.849998474121094,48.18000030517578,22,47.349091269753195,47.380001068115234,0.5649688602700652,0.31918981307485644,46.119998931884766,48.29999923706055,22,46.637272748080164,46.68499946594238,0.6649537875327428,0.44216353955414,45.470001220703125,47.849998474121094,22,47.04318185286088,46.96999931335449,0.6378417087305424,0.406842045396298,45.81999969482422,48.220001220703125,22,46.10965503345836,46.03792381286621,0.625183529808585,0.3908544459439219,44.91074752807617,47.26311874389648,22,372768.1818181818,349200.0,149979.85066688326,22493955606.060604,192700,723200,22
2019-08,46.71045424721458,46.67499923706055,0.45391945865530847,0.2060428749459283,45.54999923706055,47.439998626708984,22,47.044545607133344,47.03000068664551,0.3777087667279059,0.1426639124631156,46.08000183105469,47.630001068115234,22,46.225454677235,46.28000068664551,0.486774522935406,0.23694943617899214,44.900001525878906,46.86000061035156,22,46.708182074806906,46.76999855041504,0.45506268342935624,0.2070820458499265,45.58000183105469,47.59000015258789,22,45.781303058971055,45.84189414978027,0.446032672726126,0.19894514513921144,44.67551040649414,46.645626068115234,22,250859.0909090909,240550.0,82600.18828002817,6822791103.896105,117300,396100,22
2019-09,47.1144998550415,47.02499961853027,0.43558172841059983,0.18973144212516554,46.29999923706055,47.77000045776367,20,47.50250034332275,47.48500061035156,0.43268901852902497,0.1872197867556109,46.709999084472656,48.18000030517578,20,46.77049961090088,46.709999084472656,0.3694305448620135,0.13647892747704415,46.209999084472656,47.43000030517578,20,47.08050003051758,46.94499969482422,0.4320876371877053,0.18669972621045408,46.29999923706055,47.959999084472656,20,46.33721389770508,46.22336959838867,0.3386484791230427,0.1146827924123499,45.65071868896485,47.008277893066406,20,529120.0,539250.0,245647.97362764552,60342926947.36842,178400,917700,20
2019-10,47.110434822414234,47.220001220703125,0.6993992403948017,0.4891592974648256,45.97999954223633,48.75,23,47.40608696315599,47.59000015258789,0.7281027636269182,0.5301336344011559,46.40999984741211,49.2599983215332,23,46.76695649520211,47.0,0.634675131738473,0.4028125228472481,45.650001525878906,47.849998474121094,23,47.16608694325323,47.20000076293945,0.7856016123217119,0.6171698932824733,46.02000045776367,48.959999084472656,23,46.50465774536133,46.53809356689453,0.7745852169106617,0.599982258256537,45.3746452331543,48.273414611816406,23,282730.4347826087,246900.0,87879.77549306475,7722854940.711463,161500,507800,23
2019-11,47.15800018310547,47.0049991607666,0.7845789658385682,0.6155641536363172,46.209999084472656,48.95000076293945,20,47.43199977874756,47.19000053405762,0.7195731467557369,0.5177855135319532,46.5099983215332,48.9900016784668,20,46.73650016784668,46.57500076293945,0.731258862273898,0.5347395236541158,45.540000915527344,48.529998779296875,20,47.040499687194824,46.93499946594238,0.7238530764011951,0.5239632762154744,46.029998779296875,48.93000030517578,20,46.38083152770996,46.276811599731445,0.7137020934393232,0.5093706781796724,45.38450241088867,48.24383544921875,20,253550.0,235550.0,88520.49123463478,7835877368.421053,144900,497800,20
2019-12,45.91000002906436,45.11000061035156,1.23861217414944,1.534160117951203,44.439998626708984,47.790000915527344,21,46.1504758199056,45.5099983215332,1.2310383595428844,1.5154554426660363,44.869998931884766,48.040000915527344,21,45.49285652523949,44.93000030517578,1.1711707422611208,1.3716409075284646,44.209999084472656,47.2599983215332,21,45.81666655767532,45.25,1.1861841103227788,1.407032743582242,44.36000061035156,47.65999984741211,21,45.362981887090776,44.89985656738281,1.045730932611617,1.0935531834207626,44.016746520996094,46.991641998291016,21,312190.4761904762,295800.0,133448.94119011174,17808619904.761906,79000,675800,21
2020-01,46.449524107433504,46.31999969482422,0.8886140198868782,0.7896348763395171,45.15999984741211,47.970001220703125,21,46.791904631115145,46.59000015258789,0.8488913614111653,0.7206165434785017,45.630001068115234,48.150001525878906,21,46.08857145763579,45.83000183105469,0.9287751874750955,0.8626233488693987,44.7599983215332,47.5,21,46.441429138183594,46.2400016784668,0.9273795162150502,0.8600327670952606,44.97999954223633,47.90999984741211,21,46.082068670363654,45.882198333740234,0.9202034628898631,0.8467744131144956,44.6319465637207,47.539276123046875,21,260209.52380952382,280500.0,74554.40231644208,5558358904.761905,146000,442500,21
2020-02,45.476316150866054,46.04999923706055,1.4802297941088944,2.1910802433676597,40.970001220703125,46.880001068115234,19,45.847894969739414,46.380001068115234,1.3352924971044426,1.783006052823418,41.720001220703125,46.939998626708984,19,44.96526336669922,45.720001220703125,1.7032534588745034,2.9010723451679596,39.849998474121094,46.36000061035156,19,45.345789658395866,46.040000915527344,1.5405277575561889,2.3732257718010996,41.45000076293945,46.75,19,44.99490697760331,45.683746337890625,1.5286070999490071,2.3366396660145137,41.12926483154297,46.38825225830078,19,363668.4210526316,333000.0,209476.25708108724,43880302280.70175,150100,859600,19
2020-03,30.82000021501021,27.665000915527344,8.224093244997338,67.63570970241085,21.559999465942383,42.900001525878906,22,31.860909548672762,28.950000762939453,8.008675334088203,64.13888060683279,22.959999084472656,43.650001525878906,22,29.36954541639848,24.350000381469727,8.327684635166893,69.35033138279474,20.149999618530273,42.52000045776367,22,30.48000006242232,24.84500026702881,8.262458473208433,68.26822002149382,21.770000457763672,43.060001373291016,22,30.378868623213336,24.84500026702881,8.125560305439844,66.02473027733966,21.770000457763672,42.726806640625,22,548809.0909090909,534100.0,180072.1043653424,32425962770.562775,287000,1040000,22
2020-04,23.75,23.75,,,23.75,23.75,1,23.760000228881836,23.760000228881836,,,23.760000228881836,23.760000228881836,1,22.149999618530273,22.149999618530273,,,22.149999618530273,22.149999618530273,1,22.600000381469727,22.600000381469727,,,22.600000381469727,22.600000381469727,1,22.600000381469727,22.600000381469727,,,22.600000381469727,22.600000381469727,1,437500.0,437500.0,,,437500,437500,1
